"","Xmol","SFR"
"1",0.0001210175,1
"2",2.3262039e-05,0
"3",1.9713506e-05,0
"4",1.7206953e-05,0
"5",5.1687543e-05,0
"6",3.644979e-05,0
"7",3.0326594e-05,0
"8",1.9965119e-05,0
"9",1.9423277e-05,0
"10",2.4267049e-05,0
"11",1.7150586e-05,0
"12",1.9637212e-05,0
"13",1.8590448e-05,0
"14",2.2944909e-05,0
"15",1.3973581e-05,0
"16",1.5113883e-05,0
"17",1.2205065e-05,0
"18",1.9095904e-05,0
"19",2.6542181e-05,0
"20",1.7130976e-05,0
"21",2.2732394e-05,0
"22",1.8203632e-05,0
"23",1.7236822e-05,0
"24",2.2653681e-05,0
"25",1.7707558e-05,0
"26",2.0592562e-05,0
"27",1.676347e-05,0
"28",0.00042860737,1
"29",3.0725422e-05,0
"30",2.2861075e-05,0
"31",7.6200779e-05,0
"32",1.9297976e-05,0
"33",4.1517073e-05,0
"34",3.533791e-05,0
"35",1.2767344e-05,0
"36",2.1899694e-05,0
"37",1.9623809e-05,0
"38",2.7798004e-05,0
"39",2.2616326e-05,0
"40",2.2177873e-05,0
"41",1.9391719e-05,0
"42",1.7103708e-05,0
"43",2.9617673e-05,0
"44",1.9704655e-05,0
"45",1.6477065e-05,0
"46",2.4078484e-05,0
"47",1.6559266e-05,0
"48",2.3084438e-05,0
"49",1.2555404e-05,0
"50",2.240782e-05,0
"51",2.6635647e-05,0
"52",1.5553792e-05,0
"53",1.8803251e-05,0
"54",1.9343006e-05,0
"55",1.4331105e-05,0
"56",1.4946612e-05,0
"57",1.4478232e-05,0
"58",1.6448317e-05,0
"59",1.7228689e-05,0
"60",1.3824948e-05,0
"61",1.9467091e-05,0
"62",1.0238713e-05,0
"63",1.7568846e-05,0
"64",1.1696141e-05,0
"65",1.7622224e-05,0
"66",1.8616306e-05,0
"67",1.3123737e-05,0
"68",2.438007e-05,0
"69",4.1081253e-05,0
"70",0.00081285046,1
"71",4.9074998e-05,0
"72",0.00017355235,1
"73",2.3635269e-05,0
"74",4.7055565e-05,0
"75",2.4106368e-05,0
"76",1.5853032e-05,0
"77",2.1474173e-05,0
"78",1.9947304e-05,0
"79",1.4513504e-05,0
"80",2.5535857e-05,0
"81",1.3229448e-05,0
"82",3.0528684e-05,0
"83",2.7523162e-05,0
"84",2.4582177e-05,0
"85",2.9383883e-05,0
"86",2.7922673e-05,0
"87",1.6492748e-05,0
"88",2.1531871e-05,0
"89",3.5491728e-05,0
"90",1.5199201e-05,0
"91",2.1099671e-05,0
"92",2.726451e-05,0
"93",2.5830042e-05,0
"94",1.6238701e-05,0
"95",1.6270465e-05,0
"96",2.2301843e-05,0
"97",1.4217254e-05,0
"98",1.7178632e-05,0
"99",2.1252891e-05,0
"100",1.7286981e-05,0
"101",1.9169231e-05,0
"102",1.4379236e-05,0
"103",2.2057505e-05,0
"104",1.6637085e-05,0
"105",1.5586242e-05,0
"106",1.8597177e-05,0
"107",1.3980109e-05,0
"108",2.3799972e-05,0
"109",1.792307e-05,0
"110",1.1807294e-05,0
"111",2.077442e-05,0
"112",1.2923867e-05,0
"113",2.0048096e-05,0
"114",1.6425279e-05,0
"115",1.7266159e-05,0
"116",1.9617472e-05,0
"117",2.1510067e-05,0
"118",1.454884e-05,0
"119",1.4756216e-05,0
"120",1.2504446e-05,0
"121",2.0990993e-05,0
"122",2.2881771e-05,0
"123",0.0012616901,1
"124",0.00028232816,1
"125",3.8250246e-05,0
"126",2.2569366e-05,0
"127",0.00012457129,1
"128",3.3635876e-05,0
"129",0.00039334176,1
"130",2.8191672e-05,0
"131",7.9384233e-05,1
"132",2.2312075e-05,0
"133",1.5740171e-05,0
"134",2.9159917e-05,0
"135",3.058731e-05,0
"136",2.6769699e-05,0
"137",2.5308453e-05,0
"138",2.4249972e-05,0
"139",2.971916e-05,0
"140",1.8329625e-05,0
"141",1.8761477e-05,0
"142",2.8708418e-05,0
"143",2.4662721e-05,0
"144",1.8188258e-05,0
"145",1.8086968e-05,0
"146",1.7381326e-05,0
"147",1.6924545e-05,0
"148",4.1821498e-05,0
"149",3.5471696e-05,0
"150",1.2509668e-05,0
"151",2.7521001e-05,0
"152",1.5827247e-05,0
"153",2.2659415e-05,0
"154",1.8038227e-05,0
"155",2.0419878e-05,0
"156",1.7420287e-05,0
"157",2.4558496e-05,0
"158",2.1891723e-05,0
"159",1.6751097e-05,0
"160",1.4441133e-05,0
"161",1.2423469e-05,0
"162",1.978269e-05,0
"163",2.227364e-05,0
"164",1.7856155e-05,0
"165",1.600188e-05,0
"166",1.9985972e-05,0
"167",1.4987938e-05,0
"168",2.3528502e-05,0
"169",1.6561949e-05,0
"170",1.6808698e-05,0
"171",2.7663859e-05,0
"172",1.1915741e-05,0
"173",2.0278969e-05,0
"174",1.5220626e-05,0
"175",2.2402994e-05,0
"176",1.5590236e-05,0
"177",2.0730018e-05,0
"178",1.7570727e-05,0
"179",1.7144162e-05,0
"180",1.6831261e-05,0
"181",9.8928178e-06,0
"182",1.8341357e-05,0
"183",2.205435e-05,0
"184",1.164905e-05,0
"185",1.5841637e-05,0
"186",1.6091619e-05,0
"187",1.5285649e-05,0
"188",1.6881627e-05,0
"189",1.6101828e-05,0
"190",1.3233098e-05,0
"191",1.2008697e-05,0
"192",1.2878009e-05,0
"193",1.2690642e-05,0
"194",1.8544716e-05,0
"195",1.6954463e-05,0
"196",0.0030692397,1
"197",0.00089276946,1
"198",3.2662972e-05,0
"199",2.7394205e-05,0
"200",2.3394463e-05,0
"201",7.1317978e-05,1
"202",0.00050153231,1
"203",4.0111801e-05,0
"204",0.00076726924,1
"205",0.00021277654,1
"206",3.4474812e-05,0
"207",2.4271875e-05,0
"208",2.8959546e-05,0
"209",3.0469035e-05,0
"210",4.1178049e-05,0
"211",3.5346142e-05,0
"212",2.8445626e-05,0
"213",1.9655793e-05,0
"214",3.2576386e-05,0
"215",3.158384e-05,0
"216",3.1212868e-05,0
"217",2.1213297e-05,0
"218",4.2538264e-05,0
"219",1.9145402e-05,0
"220",1.3021265e-05,0
"221",2.7093137e-05,0
"222",1.5086621e-05,0
"223",2.2437659e-05,0
"224",2.3475478e-05,0
"225",2.2127209e-05,0
"226",2.31522e-05,0
"227",2.1516952e-05,0
"228",2.893101e-05,0
"229",2.3085214e-05,0
"230",2.2743858e-05,0
"231",2.0655208e-05,0
"232",2.3499858e-05,0
"233",1.5091337e-05,0
"234",1.6927597e-05,0
"235",1.9454263e-05,0
"236",1.8693008e-05,0
"237",2.3066211e-05,0
"238",1.2038251e-05,0
"239",1.0802679e-05,0
"240",2.0130924e-05,0
"241",1.9064123e-05,0
"242",1.9642895e-05,0
"243",1.4463126e-05,0
"244",1.8190832e-05,0
"245",1.656251e-05,0
"246",1.4332113e-05,0
"247",1.430564e-05,0
"248",1.9954701e-05,0
"249",3.1158984e-05,0
"250",1.9197588e-05,0
"251",1.1930232e-05,0
"252",1.7571715e-05,0
"253",1.9899951e-05,0
"254",1.0735357e-05,0
"255",1.0707874e-05,0
"256",1.8012716e-05,0
"257",1.2065238e-05,0
"258",1.166015e-05,0
"259",1.7667241e-05,0
"260",1.9568703e-05,0
"261",2.014315e-05,0
"262",1.4503059e-05,0
"263",1.7066077e-05,0
"264",1.5836397e-05,0
"265",1.4042691e-05,0
"266",9.9542411e-06,0
"267",1.4017785e-05,0
"268",1.5804572e-05,0
"269",1.3499469e-05,0
"270",1.4480666e-05,0
"271",1.858183e-05,0
"272",1.4960351e-05,0
"273",1.1151522e-05,0
"274",1.1451788e-05,0
"275",1.1439244e-05,0
"276",1.2061888e-05,0
"277",1.042516e-05,0
"278",1.8892431e-05,0
"279",1.3417017e-05,0
"280",1.2574416e-05,0
"281",1.7215213e-05,0
"282",1.2245661e-05,0
"283",0.013344488,1
"284",0.00011240919,1
"285",0.026713369,0
"286",0.00024717421,1
"287",0.027726978,1
"288",2.4985104e-05,0
"289",2.5241274e-05,0
"290",0.0004663988,1
"291",4.6271372e-05,0
"292",4.9856975e-05,0
"293",0.00226073,1
"294",3.0206404e-05,0
"295",1.9065144e-05,0
"296",4.6240111e-05,0
"297",3.3548549e-05,0
"298",3.3971004e-05,0
"299",4.3794647e-05,0
"300",0.026318151,0
"301",6.7429933e-05,1
"302",0.026946967,0
"303",3.757963e-05,0
"304",3.6451494e-05,0
"305",3.2779211e-05,0
"306",2.1306e-05,0
"307",2.6317379e-05,0
"308",2.8347804e-05,0
"309",5.225722e-05,0
"310",1.477627e-05,0
"311",1.772677e-05,0
"312",2.0313089e-05,0
"313",2.2890191e-05,0
"314",2.4293637e-05,0
"315",1.7260289e-05,0
"316",2.7893803e-05,0
"317",2.0236479e-05,0
"318",2.4508989e-05,0
"319",2.3665579e-05,0
"320",3.106779e-05,0
"321",1.6758963e-05,0
"322",1.984929e-05,0
"323",1.6273213e-05,0
"324",1.3693634e-05,0
"325",3.1533429e-05,0
"326",1.3970739e-05,0
"327",1.9212132e-05,0
"328",1.6551463e-05,0
"329",2.1497454e-05,0
"330",1.628767e-05,0
"331",2.264626e-05,0
"332",2.5362268e-05,0
"333",1.201306e-05,0
"334",1.7037702e-05,0
"335",2.6577042e-05,0
"336",2.5467531e-05,0
"337",1.1927863e-05,0
"338",1.2654042e-05,0
"339",1.1314092e-05,0
"340",1.2163835e-05,0
"341",1.2250182e-05,0
"342",1.929554e-05,0
"343",1.1829507e-05,0
"344",2.3192687e-05,0
"345",2.1506299e-05,0
"346",0.027833135,0
"347",1.6733346e-05,0
"348",1.360325e-05,0
"349",1.5746239e-05,0
"350",1.818849e-05,0
"351",1.9871149e-05,0
"352",1.3721228e-05,0
"353",2.1633651e-05,0
"354",1.0837455e-05,0
"355",1.7333978e-05,0
"356",1.0948625e-05,0
"357",1.0308375e-05,0
"358",1.1949296e-05,0
"359",1.1293786e-05,0
"360",1.6187486e-05,0
"361",1.3695728e-05,0
"362",2.2387228e-05,0
"363",1.5532521e-05,0
"364",1.0705698e-05,0
"365",2.0266863e-05,0
"366",0.026456125,0
"367",1.2576604e-05,0
"368",1.0986334e-05,0
"369",1.1017313e-05,0
"370",1.7773562e-05,0
"371",1.3924116e-05,0
"372",1.510739e-05,0
"373",1.3994548e-05,0
"374",1.4956658e-05,0
"375",1.7382672e-05,0
"376",1.3196875e-05,0
"377",1.051689e-05,0
"378",1.119654e-05,0
"379",1.1200086e-05,0
"380",1.5374019e-05,0
"381",1.6400889e-05,0
"382",1.543015e-05,0
"383",1.3269395e-05,0
"384",1.3615902e-05,0
"385",1.1230749e-05,0
"386",1.4168396e-05,0
"387",2.173821e-05,0
"388",1.7314477e-05,0
"389",2.1704373e-05,0
"390",0.025051101,0
"391",1.8656447e-05,0
"392",1.3377968e-05,0
"393",1.8926574e-05,0
"394",1.1782758e-05,0
"395",1.3429477e-05,0
"396",1.1626928e-05,0
"397",0.014723276,1
"398",0.014432797,1
"399",0.0007135376,1
"400",5.7359986e-05,1
"401",0.012552399,0
"402",0.018827703,1
"403",4.0687774e-05,0
"404",3.0662445e-05,0
"405",9.266518e-05,0
"406",0.0016675851,1
"407",0.00010601137,1
"408",4.2082227e-05,0
"409",0.0074877083,1
"410",3.8265383e-05,0
"411",2.8658932e-05,0
"412",0.0001926238,1
"413",6.1877207e-05,0
"414",4.1630326e-05,0
"415",1.8765477e-05,0
"416",0.012252423,0
"417",2.227559e-05,0
"418",1.9758431e-05,0
"419",4.6247799e-05,0
"420",4.5873121e-05,0
"421",5.0859601e-05,0
"422",1.8181847e-05,0
"423",1.8437226e-05,0
"424",3.4277826e-05,0
"425",1.9979526e-05,0
"426",2.3285267e-05,0
"427",2.556934e-05,0
"428",3.153058e-05,0
"429",2.1412594e-05,0
"430",3.2331258e-05,0
"431",1.2779636e-05,0
"432",1.940483e-05,0
"433",1.9009413e-05,0
"434",2.8581646e-05,0
"435",2.8437558e-05,0
"436",1.7487288e-05,0
"437",1.4195867e-05,0
"438",1.3084381e-05,0
"439",2.3025161e-05,0
"440",2.2530166e-05,0
"441",2.0162195e-05,0
"442",2.1850083e-05,0
"443",1.3840428e-05,0
"444",1.9470793e-05,0
"445",0.011869636,0
"446",2.5324138e-05,0
"447",1.8648156e-05,0
"448",1.6634513e-05,0
"449",1.9762259e-05,0
"450",1.8537828e-05,0
"451",1.918712e-05,0
"452",2.218286e-05,0
"453",2.9469927e-05,0
"454",1.4598365e-05,0
"455",1.6343506e-05,0
"456",1.3424029e-05,0
"457",1.2106321e-05,0
"458",1.3404913e-05,0
"459",1.5817369e-05,0
"460",1.3748047e-05,0
"461",1.4180926e-05,0
"462",2.3858991e-05,0
"463",1.4251541e-05,0
"464",0.012296115,0
"465",1.8742757e-05,0
"466",1.4443865e-05,0
"467",2.3905138e-05,0
"468",2.4514319e-05,0
"469",1.4596299e-05,0
"470",1.8980514e-05,0
"471",1.456676e-05,0
"472",2.2623847e-05,0
"473",1.2831736e-05,0
"474",1.4339023e-05,0
"475",1.2587528e-05,0
"476",1.436451e-05,0
"477",0.01164099,0
"478",1.2950468e-05,0
"479",1.1201678e-05,0
"480",1.4853192e-05,0
"481",1.5331e-05,0
"482",1.1604654e-05,0
"483",2.1179063e-05,0
"484",1.4550539e-05,0
"485",1.7264881e-05,0
"486",1.5107169e-05,0
"487",1.1312216e-05,0
"488",0.012094033,0
"489",1.2201311e-05,0
"490",1.4113547e-05,0
"491",2.3424157e-05,0
"492",1.2336154e-05,0
"493",2.2294935e-05,0
"494",1.5381528e-05,0
"495",0.0071330251,0
"496",1.1200893e-05,0
"497",0.011684125,0
"498",1.9252893e-05,0
"499",9.6368831e-06,0
"500",1.6245337e-05,0
"501",1.3747711e-05,0
"502",1.5511566e-05,0
"503",1.8379762e-05,0
"504",1.2145516e-05,0
"505",1.7732608e-05,0
"506",1.3911577e-05,0
"507",1.0231647e-05,0
"508",1.7732638e-05,0
"509",1.6034451e-05,0
"510",1.8389482e-05,0
"511",1.9803359e-05,0
"512",9.1601635e-06,0
"513",1.127152e-05,0
"514",1.4109854e-05,0
"515",1.2155293e-05,0
"516",1.0420852e-05,0
"517",1.3235913e-05,0
"518",1.9376028e-05,0
"519",0.012285808,0
"520",1.7220054e-05,0
"521",1.2147957e-05,0
"522",1.4859344e-05,0
"523",1.5627057e-05,0
"524",0.012042621,0
"525",1.3401873e-05,0
"526",1.0712088e-05,0
"527",1.2801894e-05,0
"528",1.7381176e-05,0
"529",1.7316876e-05,0
"530",1.218472e-05,0
"531",1.3680039e-05,0
"532",1.4660428e-05,0
"533",9.7454794e-06,0
"534",1.4377287e-05,0
"535",1.180459e-05,0
"536",1.5404557e-05,0
"537",1.5547637e-05,0
"538",0.013276185,0
"539",1.3090883e-05,0
"540",9.6704143e-06,0
"541",1.1132992e-05,0
"542",1.0422164e-05,0
"543",0.011677426,0
"544",1.4811298e-05,0
"545",1.1704689e-05,0
"546",1.7207683e-05,0
"547",0.01161404,0
"548",0.012812655,0
"549",1.9058143e-05,0
"550",1.7276789e-05,0
"551",2.896922e-05,0
"552",0.00027689841,1
"553",0.020453005,1
"554",0.0020414771,1
"555",0.020285691,1
"556",0.0032376281,1
"557",0.0017730576,1
"558",0.00016680651,1
"559",2.0682759e-05,0
"560",0.02352684,1
"561",0.00058559772,1
"562",4.3155381e-05,0
"563",9.4453887e-05,1
"564",0.00051744049,1
"565",0.0067668878,1
"566",2.8696161e-05,0
"567",0.015894861,1
"568",0.00013081044,1
"569",4.6949027e-05,0
"570",5.2886684e-05,0
"571",6.6323647e-05,1
"572",0.00051512638,1
"573",3.3560337e-05,0
"574",2.0978416e-05,0
"575",1.8164294e-05,0
"576",2.8044518e-05,0
"577",0.0013932105,0
"578",6.1802357e-05,0
"579",1.9695328e-05,0
"580",1.452163e-05,0
"581",3.9616172e-05,0
"582",1.8811625e-05,0
"583",1.9394002e-05,0
"584",3.2168184e-05,0
"585",2.4423388e-05,0
"586",3.4720465e-05,0
"587",2.3874644e-05,0
"588",3.102493e-05,0
"589",0.0014069435,0
"590",3.0692238e-05,0
"591",2.2292046e-05,0
"592",1.606416e-05,0
"593",2.055171e-05,0
"594",2.4253149e-05,0
"595",2.667058e-05,0
"596",1.5180823e-05,0
"597",1.5961039e-05,0
"598",1.5946635e-05,0
"599",2.5317747e-05,0
"600",1.4006921e-05,0
"601",2.7504844e-05,0
"602",1.7100802e-05,0
"603",2.0809039e-05,0
"604",1.6748857e-05,0
"605",2.0926365e-05,0
"606",1.4986782e-05,0
"607",1.9038985e-05,0
"608",0.0013617961,0
"609",1.9840253e-05,0
"610",3.0004617e-05,0
"611",1.9245475e-05,0
"612",2.4662164e-05,0
"613",2.0436119e-05,0
"614",2.0118353e-05,0
"615",1.4740187e-05,0
"616",1.2012776e-05,0
"617",0.001401076,0
"618",1.5569768e-05,0
"619",0.0014424182,0
"620",2.5087966e-05,0
"621",1.7523428e-05,0
"622",1.7540792e-05,0
"623",1.442874e-05,0
"624",2.5445414e-05,0
"625",0.0014384732,0
"626",1.4229095e-05,0
"627",1.3007012e-05,0
"628",1.2448265e-05,0
"629",2.9292017e-05,0
"630",2.5700223e-05,0
"631",2.4307192e-05,0
"632",0.0013228736,0
"633",2.4977375e-05,0
"634",1.5583966e-05,0
"635",1.0288395e-05,0
"636",1.55252e-05,0
"637",1.2651243e-05,0
"638",1.6182977e-05,0
"639",1.1197342e-05,0
"640",1.9157061e-05,0
"641",1.1751211e-05,0
"642",1.4055263e-05,0
"643",1.5653679e-05,0
"644",3.3613746e-05,0
"645",1.0474255e-05,0
"646",1.2972361e-05,0
"647",1.4725664e-05,0
"648",1.6200842e-05,0
"649",1.6094255e-05,0
"650",1.0668706e-05,0
"651",0.0012495662,0
"652",1.2436217e-05,0
"653",1.4920389e-05,0
"654",1.1899854e-05,0
"655",1.3590316e-05,0
"656",1.6986137e-05,0
"657",3.9138203e-05,0
"658",1.8957985e-05,0
"659",1.2961596e-05,0
"660",2.026639e-05,0
"661",1.9261651e-05,0
"662",1.7172943e-05,0
"663",1.2323023e-05,0
"664",9.91336e-06,0
"665",0.0012349907,0
"666",0.0013353272,0
"667",2.1312365e-05,0
"668",1.9765227e-05,0
"669",3.3994609e-05,0
"670",1.6196951e-05,0
"671",1.2748598e-05,0
"672",1.9026422e-05,0
"673",0.0014221408,0
"674",1.3205356e-05,0
"675",2.3795354e-05,0
"676",1.6422297e-05,0
"677",1.3152074e-05,0
"678",2.0528392e-05,0
"679",1.8967492e-05,0
"680",2.8317197e-05,0
"681",1.1650475e-05,0
"682",1.2950325e-05,0
"683",1.259384e-05,0
"684",1.0879086e-05,0
"685",1.5414412e-05,0
"686",1.0530986e-05,0
"687",1.2943425e-05,0
"688",0.0013666674,0
"689",1.2466411e-05,0
"690",1.2589953e-05,0
"691",1.1854424e-05,0
"692",1.7658545e-05,0
"693",1.7398487e-05,0
"694",0.0013526273,0
"695",1.5607078e-05,0
"696",7.9359108e-06,0
"697",9.2622937e-06,0
"698",9.0421447e-06,0
"699",1.5717924e-05,0
"700",1.9079829e-05,0
"701",1.2110221e-05,0
"702",9.9578675e-06,0
"703",1.6868661e-05,0
"704",2.9104489e-05,0
"705",1.5516499e-05,0
"706",1.1397806e-05,0
"707",1.2006492e-05,0
"708",1.4159306e-05,0
"709",1.1640229e-05,0
"710",1.3879367e-05,0
"711",1.224358e-05,0
"712",1.6093676e-05,0
"713",2.3600527e-05,0
"714",0.00022904241,0
"715",1.3504939e-05,0
"716",0.00016951303,0
"717",1.2865726e-05,0
"718",1.6759148e-05,0
"719",9.5475867e-06,0
"720",1.2368287e-05,0
"721",1.9308851e-05,0
"722",9.4343643e-06,0
"723",1.6646932e-05,0
"724",1.2022698e-05,0
"725",9.2112107e-06,0
"726",3.3437339e-05,0
"727",0.001293339,0
"728",0.0049423323,1
"729",0.01559344,1
"730",0.025404656,1
"731",0.00068318489,1
"732",0.011548633,1
"733",0.002505534,1
"734",2.7908529e-05,0
"735",0.00053450546,1
"736",0.013060997,1
"737",0.0001109141,1
"738",0.00038948359,1
"739",3.8905577e-05,0
"740",0.0033313138,1
"741",0.044484737,1
"742",6.8384817e-05,1
"743",0.00024507878,1
"744",2.2987897e-05,0
"745",0.029815536,1
"746",4.362834e-05,0
"747",1.8001393e-05,0
"748",2.9269307e-05,0
"749",0.0018792074,1
"750",0.00013184814,1
"751",1.5635947e-05,0
"752",4.5849367e-05,0
"753",3.0233404e-05,0
"754",4.2655336e-05,0
"755",2.7320051e-05,0
"756",3.0085678e-05,0
"757",2.8321927e-05,0
"758",3.5222235e-05,0
"759",1.61807e-05,0
"760",2.4516809e-05,0
"761",2.6942306e-05,0
"762",2.7304489e-05,0
"763",2.3508637e-05,0
"764",2.8695068e-05,0
"765",3.0141094e-05,0
"766",2.5977521e-05,0
"767",1.0497909e-05,0
"768",2.1423681e-05,0
"769",3.7753383e-05,0
"770",2.4512295e-05,0
"771",2.2621054e-05,0
"772",1.8120586e-05,0
"773",2.2768828e-05,0
"774",2.3934387e-05,0
"775",1.9758565e-05,0
"776",2.2085341e-05,0
"777",3.2065686e-05,0
"778",1.9719106e-05,0
"779",1.4823037e-05,0
"780",2.0384226e-05,0
"781",3.0386079e-05,0
"782",1.2437029e-05,0
"783",1.0437437e-05,0
"784",2.3007861e-05,0
"785",2.3540611e-05,0
"786",1.6256015e-05,0
"787",1.9568461e-05,0
"788",2.4606416e-05,0
"789",1.8311245e-05,0
"790",1.727118e-05,0
"791",2.3869845e-05,0
"792",2.1994644e-05,0
"793",1.9648881e-05,0
"794",1.9551824e-05,0
"795",2.3838289e-05,0
"796",2.7330097e-05,0
"797",1.8770626e-05,0
"798",1.7960554e-05,0
"799",1.8387093e-05,0
"800",1.5928274e-05,0
"801",2.0783076e-05,0
"802",2.9046521e-05,0
"803",1.2309337e-05,0
"804",1.2261051e-05,0
"805",1.6030684e-05,0
"806",2.1360022e-05,0
"807",2.0092439e-05,0
"808",2.0946462e-05,0
"809",1.3567209e-05,0
"810",1.7455511e-05,0
"811",1.4851478e-05,0
"812",1.6494045e-05,0
"813",1.7759743e-05,0
"814",3.1801178e-05,0
"815",1.1078226e-05,0
"816",1.4910841e-05,0
"817",1.5812873e-05,0
"818",1.2756209e-05,0
"819",1.2848026e-05,0
"820",1.1083878e-05,0
"821",1.8561433e-05,0
"822",1.4693052e-05,0
"823",1.3977864e-05,0
"824",1.6344295e-05,0
"825",1.9135125e-05,0
"826",1.8200171e-05,0
"827",1.5213561e-05,0
"828",1.1158743e-05,0
"829",1.5756659e-05,0
"830",1.6183034e-05,0
"831",1.8740216e-05,0
"832",1.6516435e-05,0
"833",1.3782486e-05,0
"834",1.8301292e-05,0
"835",1.8889841e-05,0
"836",1.161123e-05,0
"837",1.5528255e-05,0
"838",1.8483173e-05,0
"839",2.1939008e-05,0
"840",1.8680851e-05,0
"841",1.1323897e-05,0
"842",1.078556e-05,0
"843",1.3240632e-05,0
"844",2.0071439e-05,0
"845",1.001134e-05,0
"846",2.0802573e-05,0
"847",2.2658889e-05,0
"848",1.7388724e-05,0
"849",1.1953236e-05,0
"850",1.5379229e-05,0
"851",2.084901e-05,0
"852",1.3089405e-05,0
"853",2.2999098e-05,0
"854",1.738831e-05,0
"855",1.6402245e-05,0
"856",1.7323844e-05,0
"857",1.8638921e-05,0
"858",1.520323e-05,0
"859",1.9109073e-05,0
"860",2.0441377e-05,0
"861",1.6378342e-05,0
"862",1.5065421e-05,0
"863",1.3436481e-05,0
"864",9.9657434e-06,0
"865",2.3185041e-05,0
"866",9.6732033e-06,0
"867",1.3784588e-05,0
"868",1.1995675e-05,0
"869",1.3979478e-05,0
"870",1.2133389e-05,0
"871",1.28982e-05,0
"872",7.9278661e-06,0
"873",1.5973882e-05,0
"874",7.8476094e-06,0
"875",1.2754569e-05,0
"876",1.3754058e-05,0
"877",1.2291865e-05,0
"878",1.8951339e-05,0
"879",1.166984e-05,0
"880",1.2258778e-05,0
"881",1.1041505e-05,0
"882",2.115356e-05,0
"883",1.4567826e-05,0
"884",1.5388864e-05,0
"885",1.3194756e-05,0
"886",1.1556492e-05,0
"887",2.097785e-05,0
"888",1.1673242e-05,0
"889",1.1201405e-05,0
"890",1.3807451e-05,0
"891",1.3229741e-05,0
"892",8.1325918e-06,0
"893",1.9179455e-05,0
"894",8.5920439e-06,0
"895",1.3074201e-05,0
"896",1.2072054e-05,0
"897",1.6152156e-05,0
"898",1.1342696e-05,0
"899",1.7863393e-05,0
"900",1.4382913e-05,0
"901",2.0373818e-05,0
"902",1.1626203e-05,0
"903",1.2367127e-05,0
"904",1.1560647e-05,0
"905",9.9029536e-06,0
"906",9.0439704e-06,0
"907",0.010547086,1
"908",0.020185719,1
"909",0.084446668,1
"910",0.0044527421,1
"911",7.3321119e-05,1
"912",0.0098110651,1
"913",6.8705705e-05,1
"914",4.7153326e-05,0
"915",0.0041480677,1
"916",0.00045755388,1
"917",5.8126008e-05,0
"918",0.0021557494,1
"919",0.049116713,1
"920",0.027281648,1
"921",3.4392908e-05,0
"922",0.015940475,1
"923",4.1876563e-05,0
"924",0.00022296008,1
"925",0.0032700411,0
"926",0.0052615356,1
"927",0.00045288083,1
"928",2.875378e-05,0
"929",2.2473903e-05,0
"930",0.044532618,1
"931",0.13054543,0
"932",2.3002973e-05,0
"933",5.9027319e-05,0
"934",4.0555186e-05,0
"935",3.5030122e-05,0
"936",2.0723645e-05,0
"937",1.5913145e-05,0
"938",7.2324125e-05,1
"939",2.7560979e-05,0
"940",0.044222049,0
"941",1.7684992e-05,0
"942",3.1390489e-05,0
"943",2.4422596e-05,0
"944",2.403904e-05,0
"945",2.3046699e-05,0
"946",2.2979174e-05,0
"947",2.0618523e-05,0
"948",2.4664785e-05,0
"949",3.3904101e-05,0
"950",1.7054616e-05,0
"951",1.5121467e-05,0
"952",4.2158006e-05,0
"953",2.5645702e-05,0
"954",1.2984365e-05,0
"955",3.1459798e-05,0
"956",2.5517707e-05,0
"957",2.6894504e-05,0
"958",2.100772e-05,0
"959",2.1352259e-05,0
"960",3.1377962e-05,0
"961",2.1623086e-05,0
"962",2.0331235e-05,0
"963",3.348255e-05,0
"964",1.2814964e-05,0
"965",1.9695012e-05,0
"966",1.6261017e-05,0
"967",2.0547069e-05,0
"968",2.6763196e-05,0
"969",1.6015843e-05,0
"970",1.332225e-05,0
"971",1.8714958e-05,0
"972",2.7848244e-05,0
"973",1.9494102e-05,0
"974",1.8651531e-05,0
"975",0.12828863,0
"976",1.6257423e-05,0
"977",1.8823491e-05,0
"978",1.5147309e-05,0
"979",9.4850685e-06,0
"980",1.4513262e-05,0
"981",9.9619431e-06,0
"982",1.6411621e-05,0
"983",3.3274275e-05,0
"984",2.0004882e-05,0
"985",1.7281907e-05,0
"986",2.0856255e-05,0
"987",0.12351375,0
"988",1.3057321e-05,0
"989",1.3600677e-05,0
"990",1.7088486e-05,0
"991",1.4729213e-05,0
"992",3.1349741e-05,0
"993",1.4129445e-05,0
"994",0.12746269,0
"995",2.0078498e-05,0
"996",1.557679e-05,0
"997",9.6921107e-06,0
"998",1.0296919e-05,0
"999",2.1816583e-05,0
"1000",1.6119003e-05,0
"1001",2.1268125e-05,0
"1002",1.5743012e-05,0
"1003",1.3998866e-05,0
"1004",1.618192e-05,0
"1005",0.047482418,0
"1006",2.1813434e-05,0
"1007",1.5037139e-05,0
"1008",1.6546564e-05,0
"1009",1.6029798e-05,0
"1010",1.9580174e-05,0
"1011",1.9621877e-05,0
"1012",1.7324297e-05,0
"1013",1.7079302e-05,0
"1014",9.5152395e-06,0
"1015",0.081131453,0
"1016",1.4797645e-05,0
"1017",1.9406337e-05,0
"1018",1.6347576e-05,0
"1019",1.3518321e-05,0
"1020",0.13021571,0
"1021",1.4356857e-05,0
"1022",2.2735636e-05,0
"1023",1.3117076e-05,0
"1024",1.7250577e-05,0
"1025",2.4988851e-05,0
"1026",1.5182937e-05,0
"1027",2.0757677e-05,0
"1028",1.6795568e-05,0
"1029",2.2468677e-05,0
"1030",1.8372844e-05,0
"1031",1.7367375e-05,0
"1032",1.2471415e-05,0
"1033",1.9870611e-05,0
"1034",1.2177531e-05,0
"1035",8.8354431e-06,0
"1036",1.1527303e-05,0
"1037",1.2151091e-05,0
"1038",1.0856564e-05,0
"1039",1.1281235e-05,0
"1040",1.1575225e-05,0
"1041",9.585058e-06,0
"1042",1.8908317e-05,0
"1043",1.4862207e-05,0
"1044",2.2536948e-05,0
"1045",1.823577e-05,0
"1046",1.4827484e-05,0
"1047",1.2671604e-05,0
"1048",1.6082468e-05,0
"1049",1.5309169e-05,0
"1050",1.7510508e-05,0
"1051",1.4258951e-05,0
"1052",1.3308481e-05,0
"1053",8.3649392e-06,0
"1054",1.1493355e-05,0
"1055",1.1519611e-05,0
"1056",2.9244488e-05,0
"1057",1.5735098e-05,0
"1058",1.7400334e-05,0
"1059",1.2751843e-05,0
"1060",1.1474672e-05,0
"1061",1.5321348e-05,0
"1062",1.0106402e-05,0
"1063",1.2300301e-05,0
"1064",9.510655e-06,0
"1065",1.2649872e-05,0
"1066",8.1191716e-06,0
"1067",1.6741852e-05,0
"1068",1.4893093e-05,0
"1069",1.8402117e-05,0
"1070",1.2570369e-05,0
"1071",1.5175418e-05,0
"1072",9.3062465e-06,0
"1073",2.1114092e-05,0
"1074",1.1734135e-05,0
"1075",1.2590737e-05,0
"1076",8.0478398e-06,0
"1077",1.7783686e-05,0
"1078",1.2326622e-05,0
"1079",1.2250162e-05,0
"1080",9.1513053e-06,0
"1081",1.7866876e-05,0
"1082",0.00075678833,0
"1083",1.1975973e-05,0
"1084",1.3582019e-05,0
"1085",0.0013788036,0
"1086",1.100992e-05,0
"1087",1.3783545e-05,0
"1088",8.0432997e-06,0
"1089",1.3978571e-05,0
"1090",1.2041016e-05,0
"1091",9.0120099e-06,0
"1092",2.2972093e-05,0
"1093",1.2731543e-05,0
"1094",0.013759118,1
"1095",0.021619041,1
"1096",0.11075878,1
"1097",0.0078491891,1
"1098",0.023888256,1
"1099",0.0001765042,1
"1100",0.00013862998,1
"1101",8.2267867e-05,1
"1102",0.014270602,1
"1103",0.007858358,1
"1104",4.2204283e-05,0
"1105",0.001506111,1
"1106",8.6224054e-05,0
"1107",0.0046772338,1
"1108",6.8451304e-05,1
"1109",0.056858471,1
"1110",0.034886938,1
"1111",2.3145471e-05,0
"1112",0.024750208,1
"1113",2.7169301e-05,0
"1114",0.00045562448,1
"1115",2.8089719e-05,0
"1116",3.039467e-05,0
"1117",0.0010200961,1
"1118",0.0079538084,1
"1119",2.563048e-05,0
"1120",0.051326636,1
"1121",0.0024515038,0
"1122",7.2844464e-05,0
"1123",4.5005441e-05,0
"1124",0.11924492,0
"1125",2.4509489e-05,0
"1126",1.8271875e-05,0
"1127",1.8198852e-05,0
"1128",3.9663288e-05,0
"1129",3.5989038e-05,0
"1130",0.00013414138,1
"1131",0.05492929,0
"1132",1.5336378e-05,0
"1133",2.8296024e-05,0
"1134",2.9338496e-05,0
"1135",2.7118874e-05,0
"1136",1.7220986e-05,0
"1137",2.4901922e-05,0
"1138",2.5007101e-05,0
"1139",1.5992367e-05,0
"1140",3.5223622e-05,0
"1141",2.8826532e-05,0
"1142",2.8565705e-05,0
"1143",2.3485903e-05,0
"1144",2.2689334e-05,0
"1145",2.0332587e-05,0
"1146",2.297121e-05,0
"1147",2.3030185e-05,0
"1148",3.4981498e-05,0
"1149",1.2360106e-05,0
"1150",3.8084294e-05,0
"1151",1.5700231e-05,0
"1152",2.0577278e-05,0
"1153",1.9602808e-05,0
"1154",0.097864076,0
"1155",2.4067123e-05,0
"1156",1.993953e-05,0
"1157",1.1942344e-05,0
"1158",1.944777e-05,0
"1159",1.4120149e-05,0
"1160",1.2064093e-05,0
"1161",1.8072205e-05,0
"1162",1.7441446e-05,0
"1163",2.6703433e-05,0
"1164",0.12081222,0
"1165",2.1051009e-05,0
"1166",2.0927219e-05,0
"1167",2.8150723e-05,0
"1168",1.6419939e-05,0
"1169",1.236536e-05,0
"1170",1.623748e-05,0
"1171",1.7066653e-05,0
"1172",1.6773877e-05,0
"1173",1.9378188e-05,0
"1174",1.989893e-05,0
"1175",3.054828e-05,0
"1176",2.3930381e-05,0
"1177",1.5023863e-05,0
"1178",1.8652435e-05,0
"1179",1.3792206e-05,0
"1180",1.494992e-05,0
"1181",1.4857439e-05,0
"1182",0.066512345,0
"1183",1.8791087e-05,0
"1184",9.4590963e-06,0
"1185",1.3060461e-05,0
"1186",3.2251703e-05,0
"1187",0.00023479463,0
"1188",0.11278876,0
"1189",1.1031055e-05,0
"1190",1.1103924e-05,0
"1191",1.8972096e-05,0
"1192",1.7466828e-05,0
"1193",2.3963849e-05,0
"1194",2.2637736e-05,0
"1195",2.3773837e-05,0
"1196",1.7736858e-05,0
"1197",0.051902065,0
"1198",0.0032570656,0
"1199",1.6030872e-05,0
"1200",1.4953338e-05,0
"1201",2.409767e-05,0
"1202",1.8103044e-05,0
"1203",1.8559607e-05,0
"1204",2.0965527e-05,0
"1205",1.6509254e-05,0
"1206",1.5661889e-05,0
"1207",1.2636997e-05,0
"1208",1.7363226e-05,0
"1209",1.2430294e-05,0
"1210",1.6932244e-05,0
"1211",1.7776508e-05,0
"1212",1.0228023e-05,0
"1213",9.0063644e-06,0
"1214",1.1289574e-05,0
"1215",1.9506582e-05,0
"1216",2.0610812e-05,0
"1217",0.12020902,0
"1218",1.3492416e-05,0
"1219",1.3808445e-05,0
"1220",0.013129295,0
"1221",1.0045405e-05,0
"1222",1.7562488e-05,0
"1223",1.4787862e-05,0
"1224",1.0935376e-05,0
"1225",2.0692165e-05,0
"1226",1.0499953e-05,0
"1227",3.1053444e-05,0
"1228",1.3131994e-05,0
"1229",1.1036429e-05,0
"1230",1.9694606e-05,0
"1231",9.954695e-06,0
"1232",2.4025082e-05,0
"1233",8.6981652e-06,0
"1234",1.4216574e-05,0
"1235",1.5340407e-05,0
"1236",2.3113229e-05,0
"1237",1.3727032e-05,0
"1238",1.4688278e-05,0
"1239",1.0008019e-05,0
"1240",1.5726406e-05,0
"1241",1.6631871e-05,0
"1242",1.4230945e-05,0
"1243",1.6112829e-05,0
"1244",1.7690966e-05,0
"1245",1.1995568e-05,0
"1246",9.9317849e-06,0
"1247",1.6392363e-05,0
"1248",1.0072565e-05,0
"1249",1.0432763e-05,0
"1250",1.8198031e-05,0
"1251",1.297741e-05,0
"1252",8.606348e-06,0
"1253",2.0399189e-05,0
"1254",1.3551672e-05,0
"1255",1.6037876e-05,0
"1256",1.1502163e-05,0
"1257",1.4156192e-05,0
"1258",1.7336938e-05,0
"1259",1.2134367e-05,0
"1260",7.7861727e-06,0
"1261",1.32437e-05,0
"1262",1.2499095e-05,0
"1263",0.0050391405,0
"1264",1.144463e-05,0
"1265",1.1747315e-05,0
"1266",1.2367397e-05,0
"1267",8.1319493e-06,0
"1268",8.1825575e-06,0
"1269",8.7831431e-06,0
"1270",1.0250764e-05,0
"1271",0.011501129,0
"1272",1.3842435e-05,0
"1273",1.2480771e-05,0
"1274",8.3804389e-06,0
"1275",1.2840504e-05,0
"1276",0.0015159602,0
"1277",2.1609809e-05,0
"1278",1.2384151e-05,0
"1279",8.3256391e-06,0
"1280",1.1767339e-05,0
"1281",1.0317359e-05,0
"1282",1.1987632e-05,0
"1283",1.4770236e-05,0
"1284",1.7412264e-05,0
"1285",1.2234785e-05,0
"1286",1.4618492e-05,0
"1287",9.364878e-06,0
"1288",0.017256653,1
"1289",0.021831649,1
"1290",0.033702758,1
"1291",0.010217304,1
"1292",0.00048314956,1
"1293",0.027867502,1
"1294",0.00024266882,1
"1295",0.00016071338,1
"1296",0.016682976,1
"1297",9.6902671e-05,1
"1298",0.0102322,1
"1299",0.00023393596,1
"1300",3.3179166e-05,0
"1301",0.00023163446,1
"1302",0.0052033309,1
"1303",0.0080672345,1
"1304",2.7538946e-05,0
"1305",2.689002e-05,0
"1306",6.6001022e-05,0
"1307",0.057701915,1
"1308",0.038909082,1
"1309",0.02972703,1
"1310",3.1650029e-05,0
"1311",0.00077059409,1
"1312",2.9546298e-05,0
"1313",0.0018855131,1
"1314",0.010218205,1
"1315",3.3599583e-05,0
"1316",2.4218038e-05,0
"1317",6.7772547e-05,0
"1318",4.5684753e-05,0
"1319",0.059888101,1
"1320",2.6180246e-05,0
"1321",1.7429545e-05,0
"1322",3.9355735e-05,0
"1323",1.9927363e-05,0
"1324",2.6332624e-05,0
"1325",4.5359586e-05,0
"1326",0.00022294838,1
"1327",1.7722362e-05,0
"1328",2.9506011e-05,0
"1329",2.6421152e-05,0
"1330",5.0765229e-05,0
"1331",1.6140647e-05,0
"1332",3.2037515e-05,0
"1333",1.8747818e-05,0
"1334",2.6760104e-05,0
"1335",2.8775745e-05,0
"1336",3.8279216e-05,0
"1337",3.7237703e-05,0
"1338",2.6757922e-05,0
"1339",2.2101969e-05,0
"1340",2.1349143e-05,0
"1341",2.4147006e-05,0
"1342",1.8052336e-05,0
"1343",2.3399109e-05,0
"1344",3.8298444e-05,0
"1345",2.4815374e-05,0
"1346",2.5290818e-05,0
"1347",3.6710356e-05,0
"1348",2.2936286e-05,0
"1349",2.7661111e-05,0
"1350",2.1358377e-05,0
"1351",1.6360571e-05,0
"1352",2.5942611e-05,0
"1353",1.5585944e-05,0
"1354",1.8390157e-05,0
"1355",1.872994e-05,0
"1356",3.4533583e-05,0
"1357",1.5529029e-05,0
"1358",1.3384249e-05,0
"1359",1.554338e-05,0
"1360",2.9766329e-05,0
"1361",2.8710361e-05,0
"1362",2.8582484e-05,0
"1363",1.6824886e-05,0
"1364",2.7362094e-05,0
"1365",1.1942825e-05,0
"1366",3.0759799e-05,0
"1367",1.1635701e-05,0
"1368",1.293114e-05,0
"1369",1.5815054e-05,0
"1370",2.2695582e-05,0
"1371",2.0547534e-05,0
"1372",2.962047e-05,0
"1373",1.1986824e-05,0
"1374",2.0170985e-05,0
"1375",2.8765249e-05,0
"1376",2.7141618e-05,0
"1377",1.6113525e-05,0
"1378",1.9367621e-05,0
"1379",3.3292623e-05,0
"1380",2.348234e-05,0
"1381",1.737434e-05,0
"1382",1.5317886e-05,0
"1383",2.7462868e-05,0
"1384",1.5133587e-05,0
"1385",1.2019047e-05,0
"1386",3.3386194e-05,0
"1387",2.3087412e-05,0
"1388",1.2785246e-05,0
"1389",2.1312513e-05,0
"1390",2.279714e-05,0
"1391",3.3245679e-05,0
"1392",1.8436219e-05,0
"1393",1.1839361e-05,0
"1394",1.7072336e-05,0
"1395",9.9358282e-06,0
"1396",9.202149e-06,0
"1397",1.3844953e-05,0
"1398",1.0739507e-05,0
"1399",2.7600005e-05,0
"1400",2.6871597e-05,0
"1401",1.6907043e-05,0
"1402",1.0796278e-05,0
"1403",1.1668546e-05,0
"1404",1.8219226e-05,0
"1405",1.4891788e-05,0
"1406",1.5920764e-05,0
"1407",1.7747254e-05,0
"1408",1.2140922e-05,0
"1409",1.4385139e-05,0
"1410",9.1639565e-06,0
"1411",1.7326507e-05,0
"1412",2.8695367e-05,0
"1413",1.3976829e-05,0
"1414",1.8915718e-05,0
"1415",7.9115188e-06,0
"1416",1.6041988e-05,0
"1417",1.7033344e-05,0
"1418",1.3408448e-05,0
"1419",1.3400206e-05,0
"1420",1.3573036e-05,0
"1421",2.31153e-05,0
"1422",1.1296555e-05,0
"1423",2.463e-05,0
"1424",1.7740277e-05,0
"1425",2.6973639e-05,0
"1426",1.8571824e-05,0
"1427",9.5086206e-06,0
"1428",2.3646814e-05,0
"1429",9.7881608e-06,0
"1430",9.3412995e-06,0
"1431",1.4383676e-05,0
"1432",8.9980149e-06,0
"1433",3.1690068e-05,0
"1434",1.027033e-05,0
"1435",1.3598714e-05,0
"1436",1.0727208e-05,0
"1437",2.7819997e-05,0
"1438",9.7338432e-06,0
"1439",1.2810424e-05,0
"1440",2.2769479e-05,0
"1441",1.6225393e-05,0
"1442",1.3179142e-05,0
"1443",1.5148625e-05,0
"1444",1.9461559e-05,0
"1445",1.7386529e-05,0
"1446",1.7197872e-05,0
"1447",1.074361e-05,0
"1448",1.0592092e-05,0
"1449",1.0572585e-05,0
"1450",1.3408272e-05,0
"1451",2.2543265e-05,0
"1452",1.4698714e-05,0
"1453",2.6056822e-05,0
"1454",2.1767289e-05,0
"1455",1.4408061e-05,0
"1456",2.6603214e-05,0
"1457",1.2446819e-05,0
"1458",1.3287239e-05,0
"1459",1.1803614e-05,0
"1460",9.599651e-06,0
"1461",1.1898351e-05,0
"1462",8.178717e-06,0
"1463",1.2686229e-05,0
"1464",9.1852434e-06,0
"1465",1.9491011e-05,0
"1466",1.3295006e-05,0
"1467",1.5639321e-05,0
"1468",1.1801893e-05,0
"1469",2.4281649e-05,0
"1470",8.9228439e-06,0
"1471",2.6809896e-05,0
"1472",2.3754072e-05,0
"1473",9.2620211e-06,0
"1474",1.5953549e-05,0
"1475",2.1899151e-05,0
"1476",1.4217222e-05,0
"1477",9.8322504e-06,0
"1478",2.4585764e-05,0
"1479",1.0901746e-05,0
"1480",1.2482128e-05,0
"1481",2.0534536e-05,0
"1482",1.2034312e-05,0
"1483",1.2060547e-05,0
"1484",2.5195491e-05,0
"1485",0.01802355,1
"1486",0.021449487,1
"1487",0.034685014,1
"1488",0.009831366,1
"1489",0.0002992483,1
"1490",0.00083589608,1
"1491",0.00025626816,1
"1492",0.016353886,1
"1493",0.00015919173,1
"1494",0.010986379,1
"1495",0.00031782124,1
"1496",0.00031652422,1
"1497",0.007323958,1
"1498",0.0090976585,1
"1499",2.7971241e-05,0
"1500",2.8601401e-05,0
"1501",7.3370818e-05,0
"1502",0.040352981,1
"1503",0.060101876,1
"1504",0.031490384,1
"1505",3.2764967e-05,0
"1506",0.00082838712,1
"1507",3.1117866e-05,0
"1508",0.0022492581,1
"1509",3.4110803e-05,0
"1510",6.8787986e-05,0
"1511",0.012335458,1
"1512",1.6200194e-05,0
"1513",2.5750739e-05,0
"1514",4.9210315e-05,0
"1515",2.6773052e-05,0
"1516",4.9922095e-05,0
"1517",0.063978928,1
"1518",2.0160823e-05,0
"1519",4.0239298e-05,0
"1520",4.7464885e-05,0
"1521",2.6897894e-05,0
"1522",0.00030015093,1
"1523",2.0361824e-05,0
"1524",1.8083168e-05,0
"1525",1.7169196e-05,0
"1526",1.7940784e-05,0
"1527",2.7385413e-05,0
"1528",3.4510029e-05,0
"1529",1.9045346e-05,0
"1530",3.8311758e-05,0
"1531",2.966537e-05,0
"1532",2.7298717e-05,0
"1533",2.4922572e-05,0
"1534",2.761922e-05,0
"1535",2.2671796e-05,0
"1536",2.0665067e-05,0
"1537",1.4155135e-05,0
"1538",2.4465698e-05,0
"1539",9.5651984e-06,0
"1540",2.3186578e-05,0
"1541",2.5963527e-05,0
"1542",1.8113143e-05,0
"1543",2.6479636e-05,0
"1544",3.6971643e-05,0
"1545",3.4523558e-05,0
"1546",1.6649617e-05,0
"1547",1.7309284e-05,0
"1548",2.3912124e-05,0
"1549",2.8506254e-05,0
"1550",1.8774951e-05,0
"1551",3.1710276e-05,0
"1552",1.9803951e-05,0
"1553",1.1011992e-05,0
"1554",1.5696658e-05,0
"1555",1.6420831e-05,0
"1556",3.0986954e-05,0
"1557",1.4639097e-05,0
"1558",1.2226618e-05,0
"1559",3.096046e-05,0
"1560",1.5802711e-05,0
"1561",2.7899104e-05,0
"1562",1.1915073e-05,0
"1563",1.6678416e-05,0
"1564",1.8999133e-05,0
"1565",2.6990982e-05,0
"1566",2.3919733e-05,0
"1567",2.4361133e-05,0
"1568",2.1587966e-05,0
"1569",1.9653232e-05,0
"1570",1.7713073e-05,0
"1571",1.0937075e-05,0
"1572",1.7301786e-05,0
"1573",1.6985029e-05,0
"1574",3.3659456e-05,0
"1575",1.3949692e-05,0
"1576",2.9481906e-05,0
"1577",1.5417564e-05,0
"1578",1.2038908e-05,0
"1579",2.3185011e-05,0
"1580",1.9998556e-05,0
"1581",3.0144965e-05,0
"1582",1.7631953e-05,0
"1583",2.3073077e-05,0
"1584",1.0670039e-05,0
"1585",1.5076889e-05,0
"1586",2.6745979e-05,0
"1587",2.042057e-05,0
"1588",9.5004937e-06,0
"1589",2.5822754e-05,0
"1590",1.615456e-05,0
"1591",1.1555286e-05,0
"1592",1.3078865e-05,0
"1593",2.0576079e-05,0
"1594",1.2979186e-05,0
"1595",9.3532059e-06,0
"1596",8.2182884e-06,0
"1597",1.7362827e-05,0
"1598",1.304154e-05,0
"1599",1.7321648e-05,0
"1600",1.3444648e-05,0
"1601",9.6558685e-06,0
"1602",1.8947436e-05,0
"1603",1.4378368e-05,0
"1604",1.4799669e-05,0
"1605",1.2000412e-05,0
"1606",1.4571159e-05,0
"1607",1.9031418e-05,0
"1608",2.3921421e-05,0
"1609",1.12731e-05,0
"1610",2.6656918e-05,0
"1611",9.9587201e-06,0
"1612",1.658825e-05,0
"1613",1.1131904e-05,0
"1614",1.0121617e-05,0
"1615",1.804113e-05,0
"1616",1.7284598e-05,0
"1617",9.2393389e-06,0
"1618",1.2210154e-05,0
"1619",1.4094718e-05,0
"1620",1.166163e-05,0
"1621",1.4126651e-05,0
"1622",1.1899568e-05,0
"1623",1.4796118e-05,0
"1624",1.9101676e-05,0
"1625",2.8336444e-05,0
"1626",1.432349e-05,0
"1627",1.1319023e-05,0
"1628",2.1831067e-05,0
"1629",1.2549978e-05,0
"1630",1.6562405e-05,0
"1631",1.0935698e-05,0
"1632",1.016803e-05,0
"1633",1.5761562e-05,0
"1634",1.6819342e-05,0
"1635",1.8352053e-05,0
"1636",1.0143204e-05,0
"1637",1.5762437e-05,0
"1638",2.1860784e-05,0
"1639",7.5322845e-06,0
"1640",1.470406e-05,0
"1641",9.5679145e-06,0
"1642",9.5932308e-06,0
"1643",9.4320373e-06,0
"1644",1.449082e-05,0
"1645",1.6759257e-05,0
"1646",2.5660902e-05,0
"1647",9.654086e-06,0
"1648",1.4554033e-05,0
"1649",9.6290226e-06,0
"1650",1.1493263e-05,0
"1651",1.3090107e-05,0
"1652",1.1726143e-05,0
"1653",1.2826951e-05,0
"1654",1.5046675e-05,0
"1655",9.5534329e-06,0
"1656",8.6292056e-06,0
"1657",2.4168469e-05,0
"1658",9.180445e-06,0
"1659",1.992338e-05,0
"1660",1.2181419e-05,0
"1661",1.3801378e-05,0
"1662",1.6673893e-05,0
"1663",1.6335911e-05,0
"1664",1.1545526e-05,0
"1665",1.2983875e-05,0
"1666",1.0442088e-05,0
"1667",2.8612277e-05,0
"1668",9.8588077e-06,0
"1669",2.983334e-05,0
"1670",1.3278261e-05,0
"1671",1.3065348e-05,0
"1672",1.0888111e-05,0
"1673",1.1249014e-05,0
"1674",1.1941245e-05,0
"1675",9.3876969e-06,0
"1676",1.3279195e-05,0
"1677",2.6472349e-05,0
"1678",1.2709671e-05,0
"1679",7.6647315e-06,0
"1680",2.0043455e-05,0
